Company name,Company Domain Name,Phone Number,Street Address,City,State/Region,Postal Code,Country/Region,Industry,Website URL,Description,SquatchScout Score,Tier,Verified Email,Founded Year,Owner Operated,Chain Suspected,Data Sources
KC Dental,kcdentalaustin.com,+15129180888,West Parmer Lane,Austin,TX,78729,US,Dentists,https://www.kcdentalaustin.com/,verified email (MX ok) +12; valid phone +8; contact page found +3; website reachable +2; founded 2006 (20 yrs) +8; full address in OSM +3; opening hours in OSM +2; phone/website in OSM +2; live website +5; DIY site builder (wordpress) +7; no online booking +5; no chat widget +3; independent (not a chain) +12; physical address known +4; real business name +4; 20 years old +8; owner named on site +4; family-owned / owner-operated +3,95.0,A,info@kcdentalaustin.com,2006,true,False,SquatchScout · weights R/E/D/B/S=25/20/20/20/15 · data © OpenStreetMap contributors (ODbL) + business websites
Dental Smiles Family & Cosmetic Dentistry,mydentalsmiles.com,+15124679955,Barbara Jordan Boulevard,Austin,TX,78723,US,Dentists,https://mydentalsmiles.com/,verified email (MX ok) +12; valid phone +8; contact page found +3; website reachable +2; founded 2010 (16 yrs) +8; full address in OSM +3; opening hours in OSM +2; phone/website in OSM +2; live website +5; DIY site builder (wordpress) +7; no online booking +5; no chat widget +3; independent (not a chain) +12; physical address known +4; real business name +4; 16 years old +5; owner named on site +4; family-owned / owner-operated +3,92.0,A,info@mydentalsmiles.com,2010,true,False,SquatchScout · weights R/E/D/B/S=25/20/20/20/15 · data © OpenStreetMap contributors (ODbL) + business websites
Kunik Orthodontics,kunikorthodontics.com,+15123277575,West 3rd Street,Austin,TX,78703,US,Dentists,https://www.kunikorthodontics.com/,verified email (MX ok) +12; valid phone +8; contact page found +3; website reachable +2; founded 1991 (35 yrs) +8; full address in OSM +3; phone/website in OSM +2; live website +5; no online booking +5; no chat widget +3; independent (not a chain) +12; physical address known +4; real business name +4; 35 years old +8; owner named on site +4; family-owned / owner-operated +3,86.0,A,contact@drkunik.com,1991,,False,SquatchScout · weights R/E/D/B/S=25/20/20/20/15 · data © OpenStreetMap contributors (ODbL) + business websites
Smile 360,smile360atx.com,+15124444746,South Lamar Boulevard,Austin,TX,78704,US,Dentists,https://www.smile360atx.com/,valid phone +8; contact page found +3; website reachable +2; founded 2006 (20 yrs) +8; full address in OSM +3; opening hours in OSM +2; phone/website in OSM +2; live website +5; no online booking +5; no chat widget +3; copyright year 2012 is stale +5; independent (not a chain) +12; physical address known +4; real business name +4; 20 years old +8; owner named on site +4; family-owned / owner-operated +3,81.0,A,,2006,,False,SquatchScout · weights R/E/D/B/S=25/20/20/20/15 · data © OpenStreetMap contributors (ODbL) + business websites
Canvas Dental,canvasdental.com,+15126464505,Farm to Market Road 1826,Austin,TX,78737,US,Dentists,https://canvasdental.com/,verified email (MX ok) +12; valid phone +8; contact page found +3; website reachable +2; full address in OSM +3; phone/website in OSM +2; live website +5; DIY site builder (wordpress) +7; no online booking +5; no chat widget +3; independent (not a chain) +12; physical address known +4; real business name +4; owner named on site +4; family-owned / owner-operated +3,77.0,A,smile@canvasdental.com,,,False,SquatchScout · weights R/E/D/B/S=25/20/20/20/15 · data © OpenStreetMap contributors (ODbL) + business websites
Valencia Smiles Dental Care,valenciasmilesdentalcare.com,+15126098228,West Anderson Lane,Austin,TX,78757,US,Dentists,https://valenciasmilesdentalcare.com/,verified email (MX ok) +12; valid phone +8; website reachable +2; full address in OSM +3; opening hours in OSM +2; phone/website in OSM +2; live website +5; DIY site builder (wordpress) +7; no online booking +5; no chat widget +3; independent (not a chain) +12; physical address known +4; real business name +4; owner named on site +4; family-owned / owner-operated +3,76.0,A,info@valenciasmilesdentalcare.com,,true,False,SquatchScout · weights R/E/D/B/S=25/20/20/20/15 · data © OpenStreetMap contributors (ODbL) + business websites
Aloha Dental,aloha-dental.com,+15127077300,East Riverside Drive,Austin,TX,78741,US,Dentists,https://www.aloha-dental.com/,verified email (MX ok) +12; valid phone +8; contact page found +3; website reachable +2; full address in OSM +3; opening hours in OSM +2; phone/website in OSM +2; live website +5; DIY site builder (wordpress) +7; no chat widget +3; copyright year 2024 is stale +5; independent (not a chain) +12; physical address known +4; real business name +4; no succession signals,72.0,A,riverside@aloha-dental.com,,,False,SquatchScout · weights R/E/D/B/S=25/20/20/20/15 · data © OpenStreetMap contributors (ODbL) + business websites
Tech Ridge Dental,techridgedental.com,+15128212394,North Interstate 35,Austin,TX,78753,US,Dentists,https://www.techridgedental.com/,valid phone +8; website reachable +2; founded 2011 (15 yrs) +8; full address in OSM +3; opening hours in OSM +2; phone/website in OSM +2; live website +5; no online booking +5; no chat widget +3; independent (not a chain) +12; physical address known +4; real business name +4; 15 years old +5; family-owned / owner-operated +3,66.0,B,,2011,true,False,SquatchScout · weights R/E/D/B/S=25/20/20/20/15 · data © OpenStreetMap contributors (ODbL) + business websites
Smiles of Austin & Dripping Springs,smilesofaustin.net,+15124518310,West 35th Street,Austin,TX,78703,US,Dentists,https://smilesofaustin.net/,valid phone +8; website reachable +2; full address in OSM +3; opening hours in OSM +2; phone/website in OSM +2; live website +5; DIY site builder (wordpress) +7; no online booking +5; no chat widget +3; independent (not a chain) +12; physical address known +4; real business name +4; family-owned / owner-operated +3,60.0,B,,,,False,SquatchScout · weights R/E/D/B/S=25/20/20/20/15 · data © OpenStreetMap contributors (ODbL) + business websites
Ortho 360 Orthodontics,ortho360.com,+15123400360,West 38th Street,Austin,TX,78731,US,Dentists,https://www.ortho360.com/,valid phone +8; contact page found +3; website reachable +2; full address in OSM +3; opening hours in OSM +2; phone/website in OSM +2; live website +5; DIY site builder (wordpress) +7; no online booking +5; independent (not a chain) +12; physical address known +4; real business name +4; no succession signals,57.0,B,,,,False,SquatchScout · weights R/E/D/B/S=25/20/20/20/15 · data © OpenStreetMap contributors (ODbL) + business websites
Central Texas Pediatric Dentistry,ctpdkid.com,+15124747575,Barbara Jordan Boulevard,Austin,TX,78723,US,Dentists,https://www.ctpdkid.com/,verified email (MX ok) +12; valid phone +8; full address in OSM +3; opening hours in OSM +2; phone/website in OSM +2; no online booking +5; no chat widget +3; independent (not a chain) +12; physical address known +4; real business name +4; no succession signals,55.0,B,ctpd@ctpdkid.com,,,False,SquatchScout · weights R/E/D/B/S=25/20/20/20/15 · data © OpenStreetMap contributors (ODbL) + business websites
Sonrisas Dental Center,sonrisasdentalcenter.com,+15125937970,West Louis Henna Boulevard,Austin,TX,78728,US,Dentists,https://sonrisasdentalcenter.com/,valid phone +8; contact page found +3; website reachable +2; full address in OSM +3; opening hours in OSM +2; phone/website in OSM +2; live website +5; no online booking +5; no chat widget +3; independent (not a chain) +12; physical address known +4; real business name +4; no succession signals,53.0,C,,,,False,SquatchScout · weights R/E/D/B/S=25/20/20/20/15 · data © OpenStreetMap contributors (ODbL) + business websites
Steiner Ranch Orthodontics James R. Waters,bracesaustin.com,+15127322500,North Quinlan Park Road,Austin,,78732,US,Dentists,https://bracesaustin.com/,valid phone +8; website reachable +2; full address in OSM +3; phone/website in OSM +2; live website +5; no online booking +5; no chat widget +3; independent (not a chain) +12; physical address known +4; real business name +4; no succession signals,48.0,C,,,,False,SquatchScout · weights R/E/D/B/S=25/20/20/20/15 · data © OpenStreetMap contributors (ODbL) + business websites
Chisholm Trail Dental Health,,,Chisholm Trail,Round Rock,TX,78681,US,Dentists,,no reachable contact found; full address in OSM +3; no website at all — maximum digital upside +20; independent (not a chain) +12; physical address known +4; real business name +4; no succession signals,43.0,C,,,,False,SquatchScout · weights R/E/D/B/S=25/20/20/20/15 · data © OpenStreetMap contributors (ODbL) + business websites
"Austin Dental Center, PC",,,Hancock Drive,Austin,TX,78756,US,Dentists,,no reachable contact found; full address in OSM +3; no website at all — maximum digital upside +20; independent (not a chain) +12; physical address known +4; real business name +4; no succession signals,43.0,C,,,,False,SquatchScout · weights R/E/D/B/S=25/20/20/20/15 · data © OpenStreetMap contributors (ODbL) + business websites
Brush 32,,,Jefferson Street,Austin,TX,78731,US,Dentists,,no reachable contact found; full address in OSM +3; no website at all — maximum digital upside +20; independent (not a chain) +12; physical address known +4; real business name +4; no succession signals,43.0,C,,,,False,SquatchScout · weights R/E/D/B/S=25/20/20/20/15 · data © OpenStreetMap contributors (ODbL) + business websites
Lone Star Pediatric Dental & Braces,,,West 34th Street,Austin,TX,78705,US,Dentists,,no reachable contact found; full address in OSM +3; no website at all — maximum digital upside +20; independent (not a chain) +12; physical address known +4; real business name +4; no succession signals,43.0,C,,,,False,SquatchScout · weights R/E/D/B/S=25/20/20/20/15 · data © OpenStreetMap contributors (ODbL) + business websites
Midtown Dental Associates,,,North Interstate Highway 35 Service Road,Austin,TX,78705,US,Dentists,,no reachable contact found; full address in OSM +3; no website at all — maximum digital upside +20; independent (not a chain) +12; physical address known +4; real business name +4; no succession signals,43.0,C,,,,False,SquatchScout · weights R/E/D/B/S=25/20/20/20/15 · data © OpenStreetMap contributors (ODbL) + business websites
Aqua Dental,,,East 32nd Street,Austin,TX,78705,US,Dentists,,no reachable contact found; full address in OSM +3; no website at all — maximum digital upside +20; independent (not a chain) +12; physical address known +4; real business name +4; no succession signals,43.0,C,,,,False,SquatchScout · weights R/E/D/B/S=25/20/20/20/15 · data © OpenStreetMap contributors (ODbL) + business websites
Alpine Dental,,,Medical Arts Street,Austin,TX,78705,US,Dentists,,no reachable contact found; full address in OSM +3; no website at all — maximum digital upside +20; independent (not a chain) +12; physical address known +4; real business name +4; no succession signals,43.0,C,,,,False,SquatchScout · weights R/E/D/B/S=25/20/20/20/15 · data © OpenStreetMap contributors (ODbL) + business websites
Access Dental of E 7th,,,East 7th Street,Austin,TX,78702,US,Dentists,,no reachable contact found; full address in OSM +3; no website at all — maximum digital upside +20; independent (not a chain) +12; physical address known +4; real business name +4; no succession signals,43.0,C,,,,False,SquatchScout · weights R/E/D/B/S=25/20/20/20/15 · data © OpenStreetMap contributors (ODbL) + business websites
East Austin Dental,,,East 5th Street,Austin,TX,78702,US,Dentists,,no reachable contact found; full address in OSM +3; no website at all — maximum digital upside +20; independent (not a chain) +12; physical address known +4; real business name +4; no succession signals,43.0,C,,,,False,SquatchScout · weights R/E/D/B/S=25/20/20/20/15 · data © OpenStreetMap contributors (ODbL) + business websites
Emergency Dentist Austin,,,West 6th Street,Austin,TX,78701,US,Dentists,,no reachable contact found; full address in OSM +3; no website at all — maximum digital upside +20; independent (not a chain) +12; physical address known +4; real business name +4; no succession signals,43.0,C,,,,False,SquatchScout · weights R/E/D/B/S=25/20/20/20/15 · data © OpenStreetMap contributors (ODbL) + business websites
"Dr. Joyce L. Wong, DDS",,,Bee Caves Road,Austin,TX,78746,US,Dentists,,no reachable contact found; full address in OSM +3; no website at all — maximum digital upside +20; independent (not a chain) +12; physical address known +4; real business name +4; no succession signals,43.0,C,,,,False,SquatchScout · weights R/E/D/B/S=25/20/20/20/15 · data © OpenStreetMap contributors (ODbL) + business websites
Barton Oaks Dental Group,,,South Mopac Expressway,Austin,TX,78746,US,Dentists,,no reachable contact found; full address in OSM +3; no website at all — maximum digital upside +20; independent (not a chain) +12; physical address known +4; real business name +4; no succession signals,43.0,C,,,,False,SquatchScout · weights R/E/D/B/S=25/20/20/20/15 · data © OpenStreetMap contributors (ODbL) + business websites
Enamel Dentistry,,,South Lamar Boulevard,Austin,TX,78704,US,Dentists,,no reachable contact found; full address in OSM +3; no website at all — maximum digital upside +20; independent (not a chain) +12; physical address known +4; real business name +4; no succession signals,43.0,C,,,,False,SquatchScout · weights R/E/D/B/S=25/20/20/20/15 · data © OpenStreetMap contributors (ODbL) + business websites
ATX Family Dental,,,South Congress Avenue,Austin,TX,78704,US,Dentists,,no reachable contact found; full address in OSM +3; no website at all — maximum digital upside +20; independent (not a chain) +12; physical address known +4; real business name +4; no succession signals,43.0,C,,,,False,SquatchScout · weights R/E/D/B/S=25/20/20/20/15 · data © OpenStreetMap contributors (ODbL) + business websites
Honest Family Dental,,,East Ben White Boulevard,Austin,TX,78704,US,Dentists,,no reachable contact found; full address in OSM +3; no website at all — maximum digital upside +20; independent (not a chain) +12; physical address known +4; real business name +4; no succession signals,43.0,C,,,,False,SquatchScout · weights R/E/D/B/S=25/20/20/20/15 · data © OpenStreetMap contributors (ODbL) + business websites
Brident Dental & Orthodontics,,,East Oltorf Street,Austin,TX,78741,US,Dentists,,no reachable contact found; full address in OSM +3; no website at all — maximum digital upside +20; independent (not a chain) +12; physical address known +4; real business name +4; no succession signals,43.0,C,,,,False,SquatchScout · weights R/E/D/B/S=25/20/20/20/15 · data © OpenStreetMap contributors (ODbL) + business websites
Smile Center,,,West Stassney Lane,Austin,TX,78745,US,Dentists,,no reachable contact found; full address in OSM +3; no website at all — maximum digital upside +20; independent (not a chain) +12; physical address known +4; real business name +4; no succession signals,43.0,C,,,,False,SquatchScout · weights R/E/D/B/S=25/20/20/20/15 · data © OpenStreetMap contributors (ODbL) + business websites
Omni Dental Group,,,West William Cannon Drive,Austin,TX,78745,US,Dentists,,no reachable contact found; full address in OSM +3; no website at all — maximum digital upside +20; independent (not a chain) +12; physical address known +4; real business name +4; no succession signals,43.0,C,,,,False,SquatchScout · weights R/E/D/B/S=25/20/20/20/15 · data © OpenStreetMap contributors (ODbL) + business websites
Vida Dental,,,West William Cannon Drive,Austin,TX,78745,US,Dentists,,no reachable contact found; full address in OSM +3; no website at all — maximum digital upside +20; independent (not a chain) +12; physical address known +4; real business name +4; no succession signals,43.0,C,,,,False,SquatchScout · weights R/E/D/B/S=25/20/20/20/15 · data © OpenStreetMap contributors (ODbL) + business websites
Sweet Tooth Dental,,,South Congress Avenue,Austin,TX,78704,US,Dentists,,no reachable contact found; full address in OSM +3; no website at all — maximum digital upside +20; independent (not a chain) +12; physical address known +4; real business name +4; no succession signals,43.0,C,,,,False,SquatchScout · weights R/E/D/B/S=25/20/20/20/15 · data © OpenStreetMap contributors (ODbL) + business websites
Swish Dental,,,South 1st Street,Austin,TX,78704,US,Dentists,,no reachable contact found; full address in OSM +3; no website at all — maximum digital upside +20; independent (not a chain) +12; physical address known +4; real business name +4; no succession signals,43.0,C,,,,False,SquatchScout · weights R/E/D/B/S=25/20/20/20/15 · data © OpenStreetMap contributors (ODbL) + business websites
Smiles by Garcia,smilesbygarcia.com,+15124025872,Bee Caves Road,Austin,TX,78746,US,Dentists,https://www.smilesbygarcia.com/,valid phone +8; full address in OSM +3; opening hours in OSM +2; phone/website in OSM +2; no online booking +5; no chat widget +3; independent (not a chain) +12; physical address known +4; real business name +4; no succession signals,43.0,C,,,,False,SquatchScout · weights R/E/D/B/S=25/20/20/20/15 · data © OpenStreetMap contributors (ODbL) + business websites
Toothbar,,,Walter Seaholm Drive,Austin,TX,78701,US,Dentists,,no reachable contact found; full address in OSM +3; no website at all — maximum digital upside +20; independent (not a chain) +12; physical address known +4; real business name +4; no succession signals,43.0,C,,,,False,SquatchScout · weights R/E/D/B/S=25/20/20/20/15 · data © OpenStreetMap contributors (ODbL) + business websites
My Care Dental,mycaredentals.com,+15125906634,West Parmer Lane,Austin,TX,78727,US,Dentists,https://www.mycaredentals.com/,valid phone +8; full address in OSM +3; opening hours in OSM +2; phone/website in OSM +2; no online booking +5; no chat widget +3; independent (not a chain) +12; physical address known +4; real business name +4; no succession signals,43.0,C,,,,False,SquatchScout · weights R/E/D/B/S=25/20/20/20/15 · data © OpenStreetMap contributors (ODbL) + business websites
"Edwin Webb, DDS",dredwinwebb.com,+15122511274,Wells Branch Parkway,Austin,TX,78728,US,Dentists,https://www.dredwinwebb.com/,valid phone +8; full address in OSM +3; opening hours in OSM +2; phone/website in OSM +2; no online booking +5; no chat widget +3; independent (not a chain) +12; physical address known +4; real business name +4; no succession signals,43.0,C,,,,False,SquatchScout · weights R/E/D/B/S=25/20/20/20/15 · data © OpenStreetMap contributors (ODbL) + business websites
Smiles by Dentistry,,,Brodie Lane,,,,US,Dentists,,no reachable contact found; little evidence of establishment; no website at all — maximum digital upside +20; independent (not a chain) +12; real business name +4; no succession signals,36.0,D,,,,False,SquatchScout · weights R/E/D/B/S=25/20/20/20/15 · data © OpenStreetMap contributors (ODbL) + business websites
Omni Dental Group,,,,,,,US,Dentists,,no reachable contact found; little evidence of establishment; no website at all — maximum digital upside +20; independent (not a chain) +12; real business name +4; no succession signals,36.0,D,,,,False,SquatchScout · weights R/E/D/B/S=25/20/20/20/15 · data © OpenStreetMap contributors (ODbL) + business websites
Austin Dental Works,,,,,,,US,Dentists,,no reachable contact found; little evidence of establishment; no website at all — maximum digital upside +20; independent (not a chain) +12; real business name +4; no succession signals,36.0,D,,,,False,SquatchScout · weights R/E/D/B/S=25/20/20/20/15 · data © OpenStreetMap contributors (ODbL) + business websites
Hammons Family Dental,,,,,,,US,Dentists,,no reachable contact found; little evidence of establishment; no website at all — maximum digital upside +20; independent (not a chain) +12; real business name +4; no succession signals,36.0,D,,,,False,SquatchScout · weights R/E/D/B/S=25/20/20/20/15 · data © OpenStreetMap contributors (ODbL) + business websites
Fastbraces,,,,,,,US,Dentists,,no reachable contact found; little evidence of establishment; no website at all — maximum digital upside +20; independent (not a chain) +12; real business name +4; no succession signals,36.0,D,,,,False,SquatchScout · weights R/E/D/B/S=25/20/20/20/15 · data © OpenStreetMap contributors (ODbL) + business websites
Lone Star Pediatric Dental,,,,,,,US,Dentists,,no reachable contact found; little evidence of establishment; no website at all — maximum digital upside +20; independent (not a chain) +12; real business name +4; no succession signals,36.0,D,,,,False,SquatchScout · weights R/E/D/B/S=25/20/20/20/15 · data © OpenStreetMap contributors (ODbL) + business websites
Matthew Home Dentistry,,,,,,,US,Dentists,,no reachable contact found; little evidence of establishment; no website at all — maximum digital upside +20; independent (not a chain) +12; real business name +4; no succession signals,36.0,D,,,,False,SquatchScout · weights R/E/D/B/S=25/20/20/20/15 · data © OpenStreetMap contributors (ODbL) + business websites
High Point Dentistry,,,East 7th Street,,,,US,Dentists,,no reachable contact found; little evidence of establishment; no website at all — maximum digital upside +20; independent (not a chain) +12; real business name +4; no succession signals,36.0,D,,,,False,SquatchScout · weights R/E/D/B/S=25/20/20/20/15 · data © OpenStreetMap contributors (ODbL) + business websites
Manzanita Kids Dentistry & Orthodontics,,,,,,,US,Dentists,,no reachable contact found; little evidence of establishment; no website at all — maximum digital upside +20; independent (not a chain) +12; real business name +4; no succession signals,36.0,D,,,,False,SquatchScout · weights R/E/D/B/S=25/20/20/20/15 · data © OpenStreetMap contributors (ODbL) + business websites
Taylor Dental EZBraces,,,,,,,US,Dentists,,no reachable contact found; little evidence of establishment; no website at all — maximum digital upside +20; independent (not a chain) +12; real business name +4; no succession signals,36.0,D,,,,False,SquatchScout · weights R/E/D/B/S=25/20/20/20/15 · data © OpenStreetMap contributors (ODbL) + business websites
Legend Dental,,,,,,,US,Dentists,,no reachable contact found; little evidence of establishment; no website at all — maximum digital upside +20; independent (not a chain) +12; real business name +4; no succession signals,36.0,D,,,,False,SquatchScout · weights R/E/D/B/S=25/20/20/20/15 · data © OpenStreetMap contributors (ODbL) + business websites
Lamar Dental Center,,,,,,,US,Dentists,,no reachable contact found; little evidence of establishment; no website at all — maximum digital upside +20; independent (not a chain) +12; real business name +4; no succession signals,36.0,D,,,,False,SquatchScout · weights R/E/D/B/S=25/20/20/20/15 · data © OpenStreetMap contributors (ODbL) + business websites
MyDental,,,,,,,US,Dentists,,no reachable contact found; little evidence of establishment; no website at all — maximum digital upside +20; independent (not a chain) +12; real business name +4; no succession signals,36.0,D,,,,False,SquatchScout · weights R/E/D/B/S=25/20/20/20/15 · data © OpenStreetMap contributors (ODbL) + business websites
Pflugerville Modern Denistry,,,,,,,US,Dentists,,no reachable contact found; little evidence of establishment; no website at all — maximum digital upside +20; independent (not a chain) +12; real business name +4; no succession signals,36.0,D,,,,False,SquatchScout · weights R/E/D/B/S=25/20/20/20/15 · data © OpenStreetMap contributors (ODbL) + business websites
Castle Dental,castledental.com,+15124583600,East 41st Street,Austin,TX,78751,US,Dentists,https://www.castledental.com/dentist-near-me/austin-dentist/35080,valid phone +8; full address in OSM +3; opening hours in OSM +2; phone/website in OSM +2; no online booking +5; no chat widget +3; chain/franchise suspected +0; physical address known +4; real business name +4; no succession signals,31.0,D,,,,True,SquatchScout · weights R/E/D/B/S=25/20/20/20/15 · data © OpenStreetMap contributors (ODbL) + business websites
Castle Dental,castledental.com,+15128372900,West Canyon Ridge Drive,,,,US,Dentists,https://www.castledental.com/,valid phone +8; phone/website in OSM +2; no online booking +5; no chat widget +3; chain/franchise suspected +0; real business name +4; no succession signals,22.0,D,,,,True,SquatchScout · weights R/E/D/B/S=25/20/20/20/15 · data © OpenStreetMap contributors (ODbL) + business websites
